file,size_mb,total_params_M,head_in_dim,head_variant,timm_name,calib_train,seed,loss_weight_reg,strict_load_ok,error,sha256
best.pt,5.73,2.6,N/A,YOLO11n-seg,yolo11n-seg,N/A,N/A,N/A,True,,656601dfcc103364b726b317a65843323099b95bcad9ebe5129dde89da46ca70
runs_multitask_10k/ConvNext_seed0_l2.0_green.pt,340.2,89.14,1024,mlp2,convnext_base.fb_in1k,none,0,2.0,True,,e8b5c8684f6a50ec932ee8cc35777e431423fadae0f8c052bbfa2a8ad6119f69
runs_multitask_10k/ConvNext_seed0_l2.0_none.pt,110.72,29.0,768,mlp2,convnext_tiny.fb_in1k,none,0,2.0,True,,7e21310f241b30801b259f58beeba314d5726321c8db3bd8a401f1d656d011b2
runs_multitask_10k/EffB0_seed0_l2.0_green.pt,23.1,6.02,1280,mlp2,efficientnet_b0.ra_in1k,none,0,2.0,True,,5c93c075f0645a4f627783a4afec44ad807ed4d93799ed5e15ed2492d8639cdd
runs_multitask_10k/EffB0_seed0_l2.0_none.pt,23.1,6.02,1280,mlp2,efficientnet_b0.ra_in1k,none,0,2.0,True,,6c0cb3d2446677c8de279157dcde64e624bdc0c3f35d1fe2871f5122b0158869
runs_multitask_10k/MNV3_seed0_l2.0_green.pt,23.76,6.2,1280,mlp2,mobilenetv3_large_100.ra_in1k,greenborder,0,2.0,True,,155ec1c97279e8c219870edc3754e904c51cc33cc49cff1a17581423f845ce09
runs_multitask_10k/MNV3_seed0_l2.0_none.pt,23.76,6.2,1280,mlp2,mobilenetv3_large_100.ra_in1k,none,0,2.0,True,,9bc13547d7db1c7a0ba1ecb50f8e09a9e9ca29e4c00631f2866cc746d4b7b6a3
runs_multitask_10k/NFNet_seed0_l2.0_green.pt,279.1,73.14,3072,mlp2,dm_nfnet_f0.dm_in1k,none,0,2.0,True,,9a831a2c6beb558e964a9d58b036b007c1f4cd7a884486ad5b389ee0df228668
runs_multitask_10k/NFNet_seed0_l2.0_none.pt,279.1,73.14,3072,mlp2,dm_nfnet_f0.dm_in1k,none,0,2.0,True,,5ebaba0df5c81151da05e179d8c89a483cec4350b4cdc357b7b62a669374ff11
runs_multitask_10k/SwinT_seed0_l2.0_green.pt,109.57,28.7,768,mlp2,swin_tiny_patch4_window7_224.ms_in1k,greenborder,0,2.0,True,,5c494761c16a5b5717769cf2eaa28b5b6a573c77ce51acf590ff03a38346e0b5
runs_multitask_10k/SwinT_seed0_l2.0_none.pt,109.57,28.7,768,mlp2,swin_tiny_patch4_window7_224.ms_in1k,none,0,2.0,True,,95e71735146abe64222e499289945b7071187727d05732be0c21f8847e7de665
runs_multitask_10k/TFB3_seed0_l2.0_green.pt,50.36,13.15,1536,mlp2,tf_efficientnet_b3.ns_jft_in1k,none,0,2.0,True,,eb1d826475dfdd4f5c8806b24aa501b89b767e4ae6bfaf0a2fad16317107b0b8
runs_multitask_10k/TFB3_seed0_l2.0_none.pt,50.36,13.15,1536,mlp2,tf_efficientnet_b3.ns_jft_in1k,none,0,2.0,True,,ea3559c9baed91eb02a1719dc946b7ae135184b483e5678017a730486d5214fe
runs_multitask_13k/ConvNext_seed0_l2.0_green.pt,110.72,29.0,768,mlp2,convnext_tiny.fb_in1k,greenborder,0,2.0,True,,b3c529ba59200c7345737685a4e6f5493e426cf5a979fccc2de0c060faff9dc3
runs_multitask_13k/ConvNext_seed0_l2.0_none.pt,110.72,29.0,768,mlp2,convnext_tiny.fb_in1k,none,0,2.0,True,,9032c3fa2f87db5705cb48ec9dd1be73e38728d066ee7fa46f7f27afd8743b22
runs_multitask_13k/EffB0_seed0_l2.0_green.pt,23.1,6.02,1280,mlp2,efficientnet_b0.ra_in1k,greenborder,0,2.0,True,,35a39a95ff2c171f94ddf3b391828295c4228d733259f43dbe598b2a9ea81a53
runs_multitask_13k/EffB0_seed0_l2.0_none.pt,23.1,6.02,1280,mlp2,efficientnet_b0.ra_in1k,none,0,2.0,True,,e3d83d93c45d592a97cd049e8f55873ba46a47348de5442a985d0280382cc34b
runs_multitask_13k/MNV3_seed0_l2.0_green.pt,23.76,6.2,1280,mlp2,mobilenetv3_large_100.ra_in1k,greenborder,0,2.0,True,,834dc3d59b702307ff324a3cc7997e282bc44c69c4b37bfb55901118f4c78991
runs_multitask_13k/MNV3_seed0_l2.0_none.pt,23.76,6.2,1280,mlp2,mobilenetv3_large_100.ra_in1k,none,0,2.0,True,,b32a9c5b9f69f967208233ecfc4fd6555e612d2194101084fd968b93366c191b
runs_multitask_13k/NFNet_seed0_l2.0_green.pt,745.75,195.43,3072,mlp2,dm_nfnet_f2.dm_in1k,greenborder,0,2.0,True,,e79438909d6237a4f28c2ccba817add4e5f81c789c0c7666cf0d9db075807fcc
runs_multitask_13k/NFNet_seed0_l2.0_none.pt,745.75,195.43,3072,mlp2,dm_nfnet_f2.dm_in1k,none,0,2.0,True,,6417b98255c0e7e58398d7f6d74fe60365fe9a867b633a40280b94ad2c2df289
runs_multitask_13k/SwinT_seed0_l2.0_green.pt,109.57,28.7,768,mlp2,swin_tiny_patch4_window7_224.ms_in1k,greenborder,0,2.0,True,,9573f1448bec11edc42a091ed5f0ba1dd76ed2e4bd7e5f47bcd8af7f1c991c9c
runs_multitask_13k/SwinT_seed0_l2.0_none.pt,109.57,28.7,768,mlp2,swin_tiny_patch4_window7_224.ms_in1k,none,0,2.0,True,,8c196f45e73073e762db85a1a2ed762393f6167b40690c4a1171e3d73be4b678
runs_multitask_13k/TFB3_seed0_l2.0_green.pt,50.37,13.15,1536,mlp2,tf_efficientnet_b3.ns_jft_in1k,greenborder,0,2.0,True,,06b35c16c464c41f76109403d385fde06accc8fa97ab95b1bd710d43964c7625
runs_multitask_13k/TFB3_seed0_l2.0_none.pt,50.36,13.15,1536,mlp2,tf_efficientnet_b3.ns_jft_in1k,none,0,2.0,True,,b86561b24ea344670d72a45c4559e46179c03793136b915cc84ed75d66b5234b
runs_multitask_3k/ConvNext_seed0_l2.0_green.pt,340.2,89.14,1024,mlp2,convnext_base.fb_in1k,none,0,2.0,True,,1b9f54909d3034b81a38e09a7b19b0171d10c8df9ada5b530318ff024032bfa6
runs_multitask_3k/ConvNext_seed0_l2.0_none.pt,110.72,29.0,768,mlp2,convnext_tiny.fb_in1k,none,0,2.0,True,,8e8363e6ce1a0972f0e5888ed4a6e39a05a94f61dc7983519c3199f9499261ba
runs_multitask_3k/EffB0_seed0_l2.0_green.pt,23.1,6.02,1280,mlp2,efficientnet_b0.ra_in1k,none,0,2.0,True,,f282eb8604cf06413b841adb01d72ee7c162491429f0d11f3b3f44e92d23554e
runs_multitask_3k/EffB0_seed0_l2.0_none.pt,23.1,6.02,1280,mlp2,efficientnet_b0.ra_in1k,none,0,2.0,True,,ea66522b91ecafa1d9a35f66b9e299147cb5d4fd95d3715ade54938b2f35c5a7
runs_multitask_3k/MNV3_seed0_l2.0_green.pt,23.76,6.2,1280,mlp2,mobilenetv3_large_100.ra_in1k,greenborder,0,2.0,True,,2dd440da58dea6d25cd2ef4a373cbbc29b484b26efa1cee4c509b9b8ce457728
runs_multitask_3k/MNV3_seed0_l2.0_none.pt,23.76,6.2,1280,mlp2,mobilenetv3_large_100.ra_in1k,none,0,2.0,True,,f3d613d61b2326a8d06ccf30faacf510864279ced4e0d95202747c3883fc140b
runs_multitask_3k/NFNet_seed0_l2.0_green.pt,279.1,73.14,3072,mlp2,dm_nfnet_f0.dm_in1k,none,0,2.0,True,,1eff4ca720a75af7b65bda15fce302851e90dffb4775f3bf331e455566f34043
runs_multitask_3k/NFNet_seed0_l2.0_none.pt,745.75,195.43,3072,mlp2,dm_nfnet_f2.dm_in1k,none,0,2.0,True,,491ae2ba14109d5f63f4ed0906aaf0ae108a5229cdf0b1845420bc4e574dc4e4
runs_multitask_3k/SwinT_seed0_l2.0_green.pt,109.57,28.7,768,mlp2,swin_tiny_patch4_window7_224.ms_in1k,greenborder,0,2.0,True,,4af8b5c100fab85bcb4cb048d36309d48249aa44e7aa4dd4320bb6b7b5d7ecb9
runs_multitask_3k/SwinT_seed0_l2.0_none.pt,109.57,28.7,768,mlp2,swin_tiny_patch4_window7_224.ms_in1k,none,0,2.0,True,,8f9ab0daad7181294818d05cfa6842f9c21356c6664d90bc2ee165f8a5f204a9
runs_multitask_3k/TFB3_seed0_l2.0_green.pt,50.37,13.15,1536,mlp2,tf_efficientnet_b3.ns_jft_in1k,none,0,2.0,True,,4e85205dfc214e1d187d37751ab8b2ac6d0ca8b822610eda24f4baa01bca9495
runs_multitask_3k/TFB3_seed0_l2.0_none.pt,50.36,13.15,1536,mlp2,tf_efficientnet_b3.ns_jft_in1k,none,0,2.0,True,,e3ef4fd607f9ad9907545d73b4465ebe7b90bc7148958535aae29d8f7222ffef
